Name: Name: Oscar Ellis || E-mail: Email: oscar.ellis@example.com
Name: Dorothea Lopez || Email: dorothea.lopez@example.com
Name: Peetu Korpela || Email: peetu.korpela@example.com
Name: Peetu Korpela || Email: peetu.korpela@example.com
Name: Peetu Korpela || Email: peetu.korpela@example.com
Name: Gerberto Gomes || Email: gerberto.gomes@example.com
Name: Zackary Ross || Email: zackary.ross@example.com
Name: Diane Brun || Email: diane.brun@example.com
Name: Halil Kaya || Email: halil.kaya@example.com
Name: Asta Møller || Email: asta.moller@example.com
Name: Maíra Teixeira || Email: maira.teixeira@example.com
Name: Calogero Sebastian || Email: calogero.sebastian@example.com
Name: Calogero Sebastian || Email: calogero.sebastian@example.com
Name: Calogero Sebastian || Email: calogero.sebastian@example.com
Name: Calogero Sebastian || Email: calogero.sebastian@example.com
Name: Calogero Sebastian || Email: calogero.sebastian@example.com
Name: Calogero Sebastian || Email: calogero.sebastian@example.com
Name: Calogero Sebastian || Email: calogero.sebastian@example.com
Name: Calogero Sebastian || Email: calogero.sebastian@example.com
Name: Calogero Sebastian || Email: calogero.sebastian@example.com
Name: Calogero Sebastian || Email: calogero.sebastian@example.com
Name: Calogero Sebastian || Email: calogero.sebastian@example.com
Name: Calogero Sebastian || Email: calogero.sebastian@example.com
Name: Calogero Sebastian || Email: calogero.sebastian@example.com
Name: Calogero Sebastian || Email: calogero.sebastian@example.com
Name: Calogero Sebastian || Email: calogero.sebastian@example.com
Name: Calogero Sebastian || Email: calogero.sebastian@example.com
Name: Calogero Sebastian || Email: calogero.sebastian@example.com
Name: Calogero Sebastian || Email: calogero.sebastian@example.com
Name: Calogero Sebastian || Email: calogero.sebastian@example.com
Name: Murat Denkel || Email: murat.denkel@example.com
Name: Murat Denkel || Email: murat.denkel@example.com
Name: Jonathan Pedersen || Email: jonathan.pedersen@example.com
Name: Elvira Dubois || Email: elvira.dubois@example.com
Name: Elvira Dubois || Email: elvira.dubois@example.com
Name: Elvira Dubois || Email: elvira.dubois@example.com
Name: Aleksije Golubović || Email: aleksije.golubovic@example.com
Name: Lenni Ahola || Email: lenni.ahola@example.com
